{"count":1,"self":744.94207999999992,"total":6065.5909825,"children":{"InitializeActuators":{"count":16,"self":0.0019990999999999997,"total":0.0019990999999999997,"children":null},"InitializeSensors":{"count":16,"self":0.0019990999999999997,"total":0.0019990999999999997,"children":null},"AgentSendState":{"count":625501,"self":51.5531424,"total":291.0157461,"children":{"CollectObservations":{"count":5004008,"self":95.0851584,"total":95.0851576,"children":null},"WriteActionMask":{"count":5004008,"self":12.962886399999999,"total":12.9628866,"children":null},"RequestDecision":{"count":5004008,"self":47.2719648,"total":131.4145589,"children":{"AgentInfo.ToProto":{"count":5004008,"self":35.1968384,"total":84.142595,"children":{"GenerateSensorData":{"count":5004008,"self":48.9457568,"total":48.945757199999996,"children":null}}}}}}},"DecideAction":{"count":625501,"self":4985.1695104,"total":4985.1693064,"children":null},"AgentAct":{"count":625501,"self":44.2520192,"total":44.4588429,"children":{"AgentInfo.ToProto":{"count":7840,"self":0.086116,"total":0.2068245,"children":{"GenerateSensorData":{"count":7840,"self":0.1207085,"total":0.1207085,"children":null}}}}}},"gauges":{"RollerAgent.CumulativeReward":{"count":7840,"max":0.961400151,"min":-1.99860692,"runningAverage":-1.003304,"value":-1.15475845,"weightedAverage":-1.146231}},"metadata":{"timer_format_version":"0.1.0","start_time_seconds":"1694447316","unity_version":"2021.3.15f1","command_line_arguments":"C:\\Program Files\\Unity\\Hub\\Editor\\2021.3.15f1\\Editor\\Unity.exe -projectpath C:\\Users\\max.muehlefeldt\\Documents\\GitHub\\unity-machine-learning\\unity\\basic_rl_environment -useHub -hubIPC -cloudEnvironment production","communication_protocol_version":"1.5.0","com.unity.ml-agents_version":"2.3.0-exp.3","scene_name":"SampleScene","end_time_seconds":"1694453381"}}