{"count":1,"self":6.1199788,"total":85.9181443,"children":{"InitializeActuators":{"count":42,"self":0.0020258999999999997,"total":0.0020258999999999997,"children":null},"InitializeSensors":{"count":42,"self":0.0030001999999999997,"total":0.0030001999999999997,"children":null},"AgentSendState":{"count":9184,"self":0.6213881,"total":14.2737815,"children":{"CollectObservations":{"count":192864,"self":11.633678399999999,"total":11.6336782,"children":null},"WriteActionMask":{"count":192864,"self":0.15778699999999998,"total":0.15778699999999998,"children":null},"RequestDecision":{"count":192864,"self":0.4547194,"total":1.8609281999999998,"children":{"AgentInfo.ToProto":{"count":183680,"self":0.4312125,"total":1.4062088,"children":{"GenerateSensorData":{"count":183680,"self":0.97499629999999993,"total":0.97499629999999993,"children":null}}}}}}},"DecideAction":{"count":9184,"self":64.4331776,"total":64.4331746,"children":null},"AgentAct":{"count":9184,"self":1.0831846,"total":1.085184,"children":{"AgentInfo.ToProto":{"count":180,"self":0.0010002,"total":0.0019993999999999997,"children":{"GenerateSensorData":{"count":180,"self":0.0009992,"total":0.0009992,"children":null}}}}}},"gauges":{"RollerAgent.CumulativeReward":{"count":189,"max":-0.9999907,"min":-43.0011368,"runningAverage":-15.8207941,"value":-28.1998234,"weightedAverage":-18.956007}},"metadata":{"timer_format_version":"0.1.0","start_time_seconds":"1704997883","unity_version":"2021.3.15f1","command_line_arguments":"C:\\Program Files\\Unity\\Hub\\Editor\\2021.3.15f1\\Editor\\Unity.exe -projectpath C:\\Users\\max.muehlefeldt\\Documents\\GitHub\\unity-machine-learning\\unity\\basic_rl_environment -useHub -hubIPC -cloudEnvironment production","communication_protocol_version":"1.5.0","com.unity.ml-agents_version":"2.3.0-exp.3","scene_name":"SampleScene","end_time_seconds":"1704997968"}}