{"count":1,"self":1232.1582079999998,"total":6024.7233492,"children":{"InitializeActuators":{"count":42,"self":0.0019988,"total":0.0019988,"children":null},"InitializeSensors":{"count":42,"self":0.0019990999999999997,"total":0.0019990999999999997,"children":null},"AgentSendState":{"count":1191067,"self":51.3521536,"total":572.394429,"children":{"CollectObservations":{"count":5002494,"self":373.35155199999997,"total":373.3515582,"children":null},"WriteActionMask":{"count":5002494,"self":11.613836,"total":11.613836,"children":null},"RequestDecision":{"count":5002494,"self":44.0536544,"total":136.0768807,"children":{"AgentInfo.ToProto":{"count":5002494,"self":32.6451968,"total":92.023225299999993,"children":{"GenerateSensorData":{"count":5002494,"self":59.378028799999996,"total":59.378028199999996,"children":null}}}}}}},"DecideAction":{"count":1191067,"self":4018.7359232,"total":4018.7360085,"children":null},"AgentAct":{"count":1191067,"self":200.6621056,"total":201.429747,"children":{"AgentInfo.ToProto":{"count":26583,"self":0.3057657,"total":0.76764559999999993,"children":{"GenerateSensorData":{"count":26583,"self":0.46187989999999995,"total":0.46187989999999995,"children":null}}}}}},"gauges":{"RollerAgent.CumulativeReward":{"count":26583,"max":1.39700079,"min":-117.999977,"runningAverage":-1.65592444,"value":-0.4999956,"weightedAverage":-0.735913}},"metadata":{"timer_format_version":"0.1.0","start_time_seconds":"1706273771","unity_version":"2021.3.15f1","command_line_arguments":"C:\\Program Files\\Unity\\Hub\\Editor\\2021.3.15f1\\Editor\\Unity.exe -projectpath C:\\Users\\max.muehlefeldt\\Documents\\GitHub\\unity-machine-learning\\unity\\basic_rl_environment -useHub -hubIPC -cloudEnvironment production","communication_protocol_version":"1.5.0","com.unity.ml-agents_version":"2.3.0-exp.3","scene_name":"SampleScene","end_time_seconds":"1706279795"}}