{"count":1,"self":823.13472,"total":16102.461726099998,"children":{"InitializeActuators":{"count":20,"self":0.0019989,"total":0.0019989,"children":null},"InitializeSensors":{"count":20,"self":0.0019988,"total":0.0019988,"children":null},"AgentSendState":{"count":2000451,"self":63.632556799999996,"total":510.36095029999996,"children":{"CollectObservations":{"count":20004510,"self":261.6711168,"total":261.6711061,"children":null},"WriteActionMask":{"count":20004510,"self":15.7627232,"total":15.762723399999999,"children":null},"RequestDecision":{"count":20004510,"self":51.5670528,"total":169.2945613,"children":{"AgentInfo.ToProto":{"count":20004510,"self":47.257196799999996,"total":117.7275093,"children":{"GenerateSensorData":{"count":20004510,"self":70.4703104,"total":70.4703115,"children":null}}}}}}},"DecideAction":{"count":2000451,"self":14660.966809599999,"total":14660.9674782,"children":null},"AgentAct":{"count":2000451,"self":107.9336448,"total":107.99359709999999,"children":{"AgentInfo.ToProto":{"count":6448,"self":0.0249899,"total":0.059949499999999996,"children":{"GenerateSensorData":{"count":6448,"self":0.0349596,"total":0.0349596,"children":null}}}}}},"gauges":{"RollerAgent.CumulativeReward":{"count":6448,"max":11.3622179,"min":-802.3188,"runningAverage":-93.85862,"value":-1.83677769,"weightedAverage":-65.1911}},"metadata":{"timer_format_version":"0.1.0","start_time_seconds":"1696424362","unity_version":"2021.3.15f1","command_line_arguments":"C:\\Program Files\\Unity\\Hub\\Editor\\2021.3.15f1\\Editor\\Unity.exe -projectpath C:\\Users\\max.muehlefeldt\\Documents\\GitHub\\unity-machine-learning\\unity\\basic_rl_environment -useHub -hubIPC -cloudEnvironment production","communication_protocol_version":"1.5.0","com.unity.ml-agents_version":"2.3.0-exp.3","scene_name":"SampleScene","end_time_seconds":"1696440464"}}