{"count":1,"self":253.46309119999998,"total":257.7436894,"children":{"InitializeActuators":{"count":2,"self":0.0025334,"total":0.0025334,"children":null},"InitializeSensors":{"count":2,"self":0.00099669999999999989,"total":0.00099669999999999989,"children":null},"AgentSendState":{"count":12642,"self":0.07757689999999999,"total":0.39270849999999996,"children":{"CollectObservations":{"count":2529,"self":0.2607752,"total":0.2607752,"children":null},"WriteActionMask":{"count":2529,"self":0.0089289,"total":0.0089289,"children":null},"RequestDecision":{"count":2529,"self":0.045427499999999996,"total":0.045427499999999996,"children":null}}},"DecideAction":{"count":12642,"self":3.5830067999999997,"total":3.5830069,"children":null},"AgentAct":{"count":12642,"self":0.30036809999999997,"total":0.30036809999999997,"children":null}},"gauges":{"RollerAgent.CumulativeReward":{"count":38,"max":1.38100064,"min":-1.00099075,"runningAverage":1.04000127,"value":1.22399974,"weightedAverage":0.9564453}},"metadata":{"timer_format_version":"0.1.0","start_time_seconds":"1706108856","unity_version":"2021.3.15f1","command_line_arguments":"C:\\Program Files\\Unity\\Hub\\Editor\\2021.3.15f1\\Editor\\Unity.exe -projectpath C:\\Users\\max.muehlefeldt\\Documents\\GitHub\\unity-machine-learning\\unity\\basic_rl_environment -useHub -hubIPC -cloudEnvironment production","communication_protocol_version":"1.5.0","com.unity.ml-agents_version":"2.3.0-exp.3","scene_name":"SampleScene","end_time_seconds":"1706109113"}}