{"count":1,"self":262.2252032,"total":3277.1281649,"children":{"InitializeActuators":{"count":42,"self":0.002028,"total":0.002028,"children":null},"InitializeSensors":{"count":42,"self":0.0009956,"total":0.0009956,"children":null},"AgentSendState":{"count":250451,"self":15.311660799999999,"total":389.778176,"children":{"CollectObservations":{"count":5259471,"self":322.58562559999996,"total":322.5856316,"children":null},"WriteActionMask":{"count":5259471,"self":3.5758028,"total":3.5758026999999997,"children":null},"RequestDecision":{"count":5259471,"self":12.790352799999999,"total":48.305081699999995,"children":{"AgentInfo.ToProto":{"count":5009020,"self":10.9860536,"total":35.514728999999996,"children":{"GenerateSensorData":{"count":5009020,"self":24.5286752,"total":24.5286752,"children":null}}}}}}},"DecideAction":{"count":250451,"self":2596.3388928,"total":2596.3389156999997,"children":null},"AgentAct":{"count":250451,"self":28.719872,"total":28.781834999999997,"children":{"AgentInfo.ToProto":{"count":5064,"self":0.0229848,"total":0.061961499999999996,"children":{"GenerateSensorData":{"count":5064,"self":0.038976699999999996,"total":0.038976699999999996,"children":null}}}}}},"gauges":{"RollerAgent.CumulativeReward":{"count":5314,"max":1.32345676,"min":-62.9999466,"runningAverage":-3.73473787,"value":-4.10009766,"weightedAverage":-2.563532}},"metadata":{"timer_format_version":"0.1.0","start_time_seconds":"1704978804","unity_version":"2021.3.15f1","command_line_arguments":"C:\\Program Files\\Unity\\Hub\\Editor\\2021.3.15f1\\Editor\\Unity.exe -projectpath C:\\Users\\max.muehlefeldt\\Documents\\GitHub\\unity-machine-learning\\unity\\basic_rl_environment -useHub -hubIPC -cloudEnvironment production","communication_protocol_version":"1.5.0","com.unity.ml-agents_version":"2.3.0-exp.3","scene_name":"SampleScene","end_time_seconds":"1704982081"}}