{"count":1,"self":101.3028736,"total":103.1297482,"children":{"InitializeActuators":{"count":20,"self":0.0019998999999999998,"total":0.0019998999999999998,"children":null},"InitializeSensors":{"count":20,"self":0.0010003,"total":0.0010003,"children":null},"AgentSendState":{"count":4916,"self":0.2711691,"total":1.4556284,"children":{"CollectObservations":{"count":49160,"self":1.0315322999999998,"total":1.0315322999999998,"children":null},"WriteActionMask":{"count":49160,"self":0.053008099999999995,"total":0.053008099999999995,"children":null},"RequestDecision":{"count":49160,"self":0.099918899999999991,"total":0.099918899999999991,"children":null}}},"DecideAction":{"count":4916,"self":0.11694779999999999,"total":0.11694779999999999,"children":null},"AgentAct":{"count":4916,"self":0.25029599999999996,"total":0.25029599999999996,"children":null}},"gauges":{"RollerAgent.CumulativeReward":{"count":65,"max":-11.7365818,"min":-721.3818,"runningAverage":-136.557678,"value":-31.3059616,"weightedAverage":-58.03219}},"metadata":{"timer_format_version":"0.1.0","start_time_seconds":"1696506561","unity_version":"2021.3.15f1","command_line_arguments":"C:\\Program Files\\Unity\\Hub\\Editor\\2021.3.15f1\\Editor\\Unity.exe -projectpath C:\\Users\\max.muehlefeldt\\Documents\\GitHub\\unity-machine-learning\\unity\\basic_rl_environment -useHub -hubIPC -cloudEnvironment production","communication_protocol_version":"1.5.0","com.unity.ml-agents_version":"2.3.0-exp.3","scene_name":"SampleScene","end_time_seconds":"1696506664"}}