{"count":1,"self":3363.0445568,"total":30680.335652399997,"children":{"InitializeActuators":{"count":16,"self":0.0019984,"total":0.0019984,"children":null},"InitializeSensors":{"count":16,"self":0.0019989,"total":0.0019989,"children":null},"AgentSendState":{"count":3750267,"self":97.918009599999991,"total":771.4076113,"children":{"CollectObservations":{"count":30002136,"self":395.87640319999997,"total":395.8763992,"children":null},"WriteActionMask":{"count":30002136,"self":23.7872688,"total":23.7872682,"children":null},"RequestDecision":{"count":30002136,"self":78.164512,"total":253.82593229999998,"children":{"AgentInfo.ToProto":{"count":30002136,"self":68.0621568,"total":175.6614172,"children":{"GenerateSensorData":{"count":30002136,"self":107.5992576,"total":107.5992605,"children":null}}}}}}},"DecideAction":{"count":3750267,"self":26379.7735424,"total":26379.7730753,"children":null},"AgentAct":{"count":3750267,"self":166.0356224,"total":166.10646309999998,"children":{"AgentInfo.ToProto":{"count":7159,"self":0.0229861,"total":0.070844999999999991,"children":{"GenerateSensorData":{"count":7159,"self":0.047858899999999996,"total":0.047858899999999996,"children":null}}}}}},"gauges":{"RollerAgent.CumulativeReward":{"count":7159,"max":16.685833,"min":-983.729553,"runningAverage":-61.62061,"value":-2.94380617,"weightedAverage":-25.77478}},"metadata":{"timer_format_version":"0.1.0","start_time_seconds":"1697316302","unity_version":"2021.3.15f1","command_line_arguments":"C:\\Program Files\\Unity\\Hub\\Editor\\2021.3.15f1\\Editor\\Unity.exe -projectpath C:\\Users\\max.muehlefeldt\\Documents\\GitHub\\unity-machine-learning\\unity\\basic_rl_environment -useHub -hubIPC -cloudEnvironment production","communication_protocol_version":"1.5.0","com.unity.ml-agents_version":"2.3.0-exp.3","scene_name":"SampleScene","end_time_seconds":"1697346983"}}