{"count":1,"self":863.8114816,"total":7010.8998219999994,"children":{"InitializeActuators":{"count":12,"self":0.0029982999999999998,"total":0.0029982999999999998,"children":null},"InitializeSensors":{"count":12,"self":0.0019988,"total":0.0019988,"children":null},"AgentSendState":{"count":1085034,"self":22.9260672,"total":181.42490669999998,"children":{"CollectObservations":{"count":6510204,"self":91.7409344,"total":91.7409357,"children":null},"WriteActionMask":{"count":6510204,"self":5.3654432,"total":5.3654434,"children":null},"RequestDecision":{"count":6510204,"self":17.7457136,"total":61.3924604,"children":{"AgentInfo.ToProto":{"count":6510204,"self":16.6271456,"total":43.6467467,"children":{"GenerateSensorData":{"count":6510204,"self":27.0196,"total":27.0196009,"children":null}}}}}}},"DecideAction":{"count":1085034,"self":5914.9410303999994,"total":5914.9408355,"children":null},"AgentAct":{"count":1085034,"self":50.632096,"total":50.716555299999996,"children":{"AgentInfo.ToProto":{"count":6735,"self":0.0329849,"total":0.0844588,"children":{"GenerateSensorData":{"count":6735,"self":0.051473899999999996,"total":0.051473899999999996,"children":null}}}}}},"gauges":{"RollerAgent.CumulativeReward":{"count":6735,"max":1.36500108,"min":-78.09913,"runningAverage":-2.68426323,"value":-1.04000807,"weightedAverage":-1.009814}},"metadata":{"timer_format_version":"0.1.0","start_time_seconds":"1697482647","unity_version":"2021.3.15f1","command_line_arguments":"C:\\Program Files\\Unity\\Hub\\Editor\\2021.3.15f1\\Editor\\Unity.exe -projectpath C:\\Users\\max.muehlefeldt\\Documents\\GitHub\\unity-machine-learning\\unity\\basic_rl_environment -useHub -hubIPC -cloudEnvironment production","communication_protocol_version":"1.5.0","com.unity.ml-agents_version":"2.3.0-exp.3","scene_name":"SampleScene","end_time_seconds":"1697489658"}}