{"count":1,"self":127.5525248,"total":136.27804369999998,"children":{"InitializeActuators":{"count":16,"self":0.0029985999999999997,"total":0.0029985999999999997,"children":null},"InitializeSensors":{"count":16,"self":0.0019982999999999997,"total":0.0019982999999999997,"children":null},"AgentSendState":{"count":6536,"self":0.2110587,"total":1.2616570999999999,"children":{"CollectObservations":{"count":52288,"self":0.88941439999999994,"total":0.88941439999999994,"children":null},"WriteActionMask":{"count":52288,"self":0.0409469,"total":0.0409469,"children":null},"RequestDecision":{"count":52288,"self":0.1202371,"total":0.1202371,"children":null}}},"DecideAction":{"count":6536,"self":7.0314223999999994,"total":7.0314222,"children":null},"AgentAct":{"count":6536,"self":0.42643729999999996,"total":0.42643729999999996,"children":null}},"gauges":{"RollerAgent.CumulativeReward":{"count":15,"max":10.1232071,"min":-751.018066,"runningAverage":-357.087952,"value":-118.74971,"weightedAverage":-517.3314}},"metadata":{"timer_format_version":"0.1.0","start_time_seconds":"1695913219","unity_version":"2021.3.15f1","command_line_arguments":"C:\\Program Files\\Unity\\Hub\\Editor\\2021.3.15f1\\Editor\\Unity.exe -projectpath C:\\Users\\max.muehlefeldt\\Documents\\GitHub\\unity-machine-learning\\unity\\basic_rl_environment -useHub -hubIPC -cloudEnvironment production","communication_protocol_version":"1.5.0","com.unity.ml-agents_version":"2.3.0-exp.3","scene_name":"SampleScene","end_time_seconds":"1695913355"}}