{"count":1,"self":800.31528959999991,"total":1042.1813941999999,"children":{"InitializeActuators":{"count":122,"self":0.0019971999999999998,"total":0.0019971999999999998,"children":null},"InitializeSensors":{"count":122,"self":0.0019993999999999997,"total":0.0019993999999999997,"children":null},"AgentSendState":{"count":51509,"self":10.1751256,"total":220.80796039999998,"children":{"CollectObservations":{"count":3142049,"self":203.6449792,"total":203.64498269999999,"children":null},"WriteActionMask":{"count":3142049,"self":2.4950395999999997,"total":2.4950397,"children":null},"RequestDecision":{"count":3142049,"self":4.4928127999999994,"total":4.4928126,"children":null}}},"DecideAction":{"count":51509,"self":5.34056,"total":5.3405602,"children":null},"AgentAct":{"count":51509,"self":15.7125984,"total":15.7125986,"children":null}},"gauges":{"RollerAgent.CumulativeReward":{"count":3111,"max":-0.9999907,"min":-4.30094433,"runningAverage":-1.06473064,"value":-0.9999907,"weightedAverage":-0.9999908}},"metadata":{"timer_format_version":"0.1.0","start_time_seconds":"1704996705","unity_version":"2021.3.15f1","command_line_arguments":"C:\\Program Files\\Unity\\Hub\\Editor\\2021.3.15f1\\Editor\\Unity.exe -projectpath C:\\Users\\max.muehlefeldt\\Documents\\GitHub\\unity-machine-learning\\unity\\basic_rl_environment -useHub -hubIPC -cloudEnvironment production","communication_protocol_version":"1.5.0","com.unity.ml-agents_version":"2.3.0-exp.3","scene_name":"SampleScene","end_time_seconds":"1704997747"}}