{"count":1,"self":351.3769984,"total":3028.8540851999996,"children":{"InitializeActuators":{"count":16,"self":0.0019992,"total":0.0019992,"children":null},"InitializeSensors":{"count":16,"self":0.00099969999999999985,"total":0.00099969999999999985,"children":null},"AgentSendState":{"count":403851,"self":10.906538399999999,"total":84.552148699999989,"children":{"CollectObservations":{"count":3230808,"self":43.6082368,"total":43.6082363,"children":null},"WriteActionMask":{"count":3230808,"self":2.5851474,"total":2.5851474,"children":null},"RequestDecision":{"count":3230808,"self":8.39552,"total":27.4522269,"children":{"AgentInfo.ToProto":{"count":3230808,"self":7.5341999999999993,"total":19.056707199999998,"children":{"GenerateSensorData":{"count":3230808,"self":11.5225072,"total":11.522507599999999,"children":null}}}}}}},"DecideAction":{"count":403851,"self":2571.3537023999997,"total":2571.3536326999997,"children":null},"AgentAct":{"count":403851,"self":21.5322688,"total":21.5672738,"children":{"AgentInfo.ToProto":{"count":3244,"self":0.015991,"total":0.035005299999999996,"children":{"GenerateSensorData":{"count":3244,"self":0.019014299999999998,"total":0.019014299999999998,"children":null}}}}}},"gauges":{"RollerAgent.CumulativeReward":{"count":3244,"max":439.318085,"min":-40.38878,"runningAverage":153.806732,"value":395.865082,"weightedAverage":279.326355}},"metadata":{"timer_format_version":"0.1.0","start_time_seconds":"1697490125","unity_version":"2021.3.15f1","command_line_arguments":"C:\\Program Files\\Unity\\Hub\\Editor\\2021.3.15f1\\Editor\\Unity.exe -projectpath C:\\Users\\max.muehlefeldt\\Documents\\GitHub\\unity-machine-learning\\unity\\basic_rl_environment -useHub -hubIPC -cloudEnvironment production","communication_protocol_version":"1.5.0","com.unity.ml-agents_version":"2.3.0-exp.3","scene_name":"SampleScene","end_time_seconds":"1697493154"}}