{"count":1,"self":2181.4642688,"total":35170.635944199996,"children":{"InitializeActuators":{"count":20,"self":0.0019990999999999997,"total":0.0019990999999999997,"children":null},"InitializeSensors":{"count":20,"self":0.0019988,"total":0.0019988,"children":null},"AgentSendState":{"count":3391601,"self":117.34384639999999,"total":906.4627491,"children":{"CollectObservations":{"count":33916010,"self":466.16212479999996,"total":466.16212249999995,"children":null},"WriteActionMask":{"count":33916010,"self":27.7489536,"total":27.7489524,"children":null},"RequestDecision":{"count":33916010,"self":89.4263168,"total":295.20782829999996,"children":{"AgentInfo.ToProto":{"count":33916010,"self":80.4574976,"total":205.7815145,"children":{"GenerateSensorData":{"count":33916010,"self":125.3240192,"total":125.32401429999999,"children":null}}}}}}},"DecideAction":{"count":3391601,"self":31599.689727999998,"total":31599.689012799998,"children":null},"AgentAct":{"count":3391601,"self":482.29795839999997,"total":483.0149072,"children":{"AgentInfo.ToProto":{"count":67600,"self":0.2905277,"total":0.7169492,"children":{"GenerateSensorData":{"count":67600,"self":0.42642149999999995,"total":0.42642149999999995,"children":null}}}}}},"gauges":{"RollerAgent.CumulativeReward":{"count":67600,"max":3928.96729,"min":-6263.679,"runningAverage":32.1972122,"value":4.40000153,"weightedAverage":119.021706}},"metadata":{"timer_format_version":"0.1.0","start_time_seconds":"1696805587","unity_version":"2021.3.15f1","command_line_arguments":"C:\\Program Files\\Unity\\Hub\\Editor\\2021.3.15f1\\Editor\\Unity.exe -projectpath C:\\Users\\max.muehlefeldt\\Documents\\GitHub\\unity-machine-learning\\unity\\basic_rl_environment -useHub -hubIPC -cloudEnvironment production","communication_protocol_version":"1.5.0","com.unity.ml-agents_version":"2.3.0-exp.3","scene_name":"SampleScene","end_time_seconds":"1696840758"}}