{"count":1,"self":3250.4115199999997,"total":27786.5287043,"children":{"InitializeActuators":{"count":16,"self":0.0019989,"total":0.0019989,"children":null},"InitializeSensors":{"count":16,"self":0.0019985,"total":0.0019985,"children":null},"AgentSendState":{"count":3750501,"self":99.0431424,"total":778.3628559,"children":{"CollectObservations":{"count":30004008,"self":395.1703808,"total":395.17039289999997,"children":null},"WriteActionMask":{"count":30004008,"self":23.0784976,"total":23.078498,"children":null},"RequestDecision":{"count":30004008,"self":77.9792832,"total":261.0708227,"children":{"AgentInfo.ToProto":{"count":30004008,"self":71.541568,"total":183.09153999999998,"children":{"GenerateSensorData":{"count":30004008,"self":111.54997759999999,"total":111.5499741,"children":null}}}}}}},"DecideAction":{"count":3750501,"self":23596.266291199998,"total":23596.266442699998,"children":null},"AgentAct":{"count":3750501,"self":161.412928,"total":161.4828872,"children":{"AgentInfo.ToProto":{"count":6893,"self":0.0289868,"total":0.0699644,"children":{"GenerateSensorData":{"count":6893,"self":0.040977599999999996,"total":0.040977599999999996,"children":null}}}}}},"gauges":{"RollerAgent.CumulativeReward":{"count":6893,"max":1.97420144,"min":-436.1018,"runningAverage":-4.93838453,"value":-0.99994123,"weightedAverage":-0.5033728}},"metadata":{"timer_format_version":"0.1.0","start_time_seconds":"1697190721","unity_version":"2021.3.15f1","command_line_arguments":"C:\\Program Files\\Unity\\Hub\\Editor\\2021.3.15f1\\Editor\\Unity.exe -projectpath C:\\Users\\max.muehlefeldt\\Documents\\GitHub\\unity-machine-learning\\unity\\basic_rl_environment -useHub -hubIPC -cloudEnvironment production","communication_protocol_version":"1.5.0","com.unity.ml-agents_version":"2.3.0-exp.3","scene_name":"SampleScene","end_time_seconds":"1697218508"}}