{"count":1,"self":35.4408512,"total":378.32136599999995,"children":{"InitializeActuators":{"count":14,"self":0.0039971,"total":0.0039971,"children":null},"InitializeSensors":{"count":14,"self":0.0019989,"total":0.0019989,"children":null},"AgentSendState":{"count":31517,"self":1.041442,"total":3.7298942,"children":{"CollectObservations":{"count":88256,"self":0.39876649999999997,"total":0.39876649999999997,"children":null},"WriteActionMask":{"count":88256,"self":0.1938879,"total":0.1938879,"children":null},"RequestDecision":{"count":88256,"self":0.8804852,"total":2.0957977999999997,"children":{"AgentInfo.ToProto":{"count":88256,"self":0.53768949999999993,"total":1.2153125999999999,"children":{"GenerateSensorData":{"count":88256,"self":0.67762309999999992,"total":0.67762309999999992,"children":null}}}}}}},"DecideAction":{"count":31517,"self":338.23728639999996,"total":338.2372772,"children":null},"AgentAct":{"count":31517,"self":0.84038229999999992,"total":0.8553769,"children":{"AgentInfo.ToProto":{"count":448,"self":0.0069989,"total":0.014994599999999999,"children":{"GenerateSensorData":{"count":448,"self":0.0079957,"total":0.0079957,"children":null}}}}},"AgentInfo.ToProto":{"count":2381,"self":0.021986199999999997,"total":0.049973899999999995,"children":{"GenerateSensorData":{"count":2381,"self":0.027987699999999997,"total":0.027987699999999997,"children":null}}}},"gauges":{"RollerAgent.CumulativeReward":{"count":2829,"max":7.799996,"min":-12.7999945,"runningAverage":-0.408553749,"value":5.29999828,"weightedAverage":3.24589014}},"metadata":{"timer_format_version":"0.1.0","start_time_seconds":"1688473872","unity_version":"2021.3.15f1","command_line_arguments":"C:\\Program Files\\Unity\\Hub\\Editor\\2021.3.15f1\\Editor\\Unity.exe -projectpath C:\\Users\\max.muehlefeldt\\Documents\\GitHub\\unity-machine-learning\\unity\\basic_rl_environment -useHub -hubIPC -cloudEnvironment production","communication_protocol_version":"1.5.0","com.unity.ml-agents_version":"2.3.0-exp.3","scene_name":"SampleScene","end_time_seconds":"1688474250"}}