{"count":1,"self":548.1808384,"total":2074.6844253,"children":{"InitializeActuators":{"count":12,"self":0.0019988,"total":0.0019988,"children":null},"InitializeSensors":{"count":12,"self":0.0019981,"total":0.0019981,"children":null},"AgentSendState":{"count":994501,"self":5.3522479999999995,"total":18.12893,"children":{"CollectObservations":{"count":1193412,"self":1.9068542,"total":1.9068542,"children":null},"WriteActionMask":{"count":1193412,"self":0.85268899999999992,"total":0.85268899999999992,"children":null},"RequestDecision":{"count":1193412,"self":3.1493889999999998,"total":10.017138899999999,"children":{"AgentInfo.ToProto":{"count":1193412,"self":2.735757,"total":6.8677499,"children":{"GenerateSensorData":{"count":1193412,"self":4.1319928,"total":4.1319929,"children":null}}}}}}},"DecideAction":{"count":994501,"self":1467.8669312,"total":1467.8668925,"children":null},"AgentAct":{"count":994501,"self":36.374243199999995,"total":37.4563175,"children":{"AgentInfo.ToProto":{"count":102620,"self":0.44230719999999996,"total":1.0820739,"children":{"GenerateSensorData":{"count":102620,"self":0.6397667,"total":0.6397667,"children":null}}}}},"AgentInfo.ToProto":{"count":269895,"self":1.3664874,"total":3.0464271999999997,"children":{"GenerateSensorData":{"count":269895,"self":1.6799397999999999,"total":1.6799397999999999,"children":null}}}},"gauges":{"RollerAgent.CumulativeReward":{"count":372515,"max":4.989001,"min":-2.100005,"runningAverage":-0.40045166,"value":-1.002,"weightedAverage":-0.375256062}},"metadata":{"timer_format_version":"0.1.0","start_time_seconds":"1682282233","unity_version":"2021.3.15f1","command_line_arguments":"C:\\Program Files\\Unity\\Hub\\Editor\\2021.3.15f1\\Editor\\Unity.exe -projectpath C:\\Users\\max.muehlefeldt\\Documents\\GitHub\\unity-machine-learning\\unity\\basic_rl_environment -useHub -hubIPC -cloudEnvironment production","communication_protocol_version":"1.5.0","com.unity.ml-agents_version":"2.3.0-exp.3","scene_name":"SampleScene","end_time_seconds":"1682284307"}}