{"count":1,"self":105.93758079999999,"total":2126.3071894,"children":{"InitializeActuators":{"count":42,"self":0.0019992,"total":0.0019992,"children":null},"InitializeSensors":{"count":42,"self":0.0019987,"total":0.0019987,"children":null},"AgentSendState":{"count":146634,"self":12.668318399999999,"total":248.62462739999998,"children":{"CollectObservations":{"count":3079314,"self":195.8337152,"total":195.83371889999998,"children":null},"WriteActionMask":{"count":3079314,"self":2.6979264,"total":2.6979265,"children":null},"RequestDecision":{"count":3079314,"self":9.3201112,"total":37.4246634,"children":{"AgentInfo.ToProto":{"count":2932680,"self":9.068552,"total":28.1045525,"children":{"GenerateSensorData":{"count":2932680,"self":19.035999999999998,"total":19.036000599999998,"children":null}}}}}}},"DecideAction":{"count":146634,"self":1757.2632575999999,"total":1757.2632922999999,"children":null},"AgentAct":{"count":146634,"self":14.432711999999999,"total":14.4776894,"children":{"AgentInfo.ToProto":{"count":3536,"self":0.0179887,"total":0.044976999999999996,"children":{"GenerateSensorData":{"count":3536,"self":0.0269883,"total":0.0269883,"children":null}}}}}},"gauges":{"RollerAgent.CumulativeReward":{"count":3687,"max":1,"min":-147.838547,"runningAverage":-23.9453278,"value":0.9158964,"weightedAverage":-17.8860168}},"metadata":{"timer_format_version":"0.1.0","start_time_seconds":"1705359622","unity_version":"2021.3.15f1","command_line_arguments":"C:\\Program Files\\Unity\\Hub\\Editor\\2021.3.15f1\\Editor\\Unity.exe -projectpath C:\\Users\\max.muehlefeldt\\Documents\\GitHub\\unity-machine-learning\\unity\\basic_rl_environment -useHub -hubIPC -cloudEnvironment production","communication_protocol_version":"1.5.0","com.unity.ml-agents_version":"2.3.0-exp.3","scene_name":"SampleScene","end_time_seconds":"1705361749"}}