{"count":1,"self":154.22617599999998,"total":1486.4569953,"children":{"InitializeActuators":{"count":20,"self":0.002998,"total":0.002998,"children":null},"InitializeSensors":{"count":20,"self":0.0019988,"total":0.0019988,"children":null},"AgentSendState":{"count":122667,"self":4.1432516,"total":32.769325699999996,"children":{"CollectObservations":{"count":1226670,"self":17.1624384,"total":17.1624391,"children":null},"WriteActionMask":{"count":1226670,"self":0.98701319999999992,"total":0.98701319999999992,"children":null},"RequestDecision":{"count":1226670,"self":3.1430043999999997,"total":10.4766219,"children":{"AgentInfo.ToProto":{"count":1226670,"self":2.8354662,"total":7.3336175,"children":{"GenerateSensorData":{"count":1226670,"self":4.4981512,"total":4.4981513,"children":null}}}}}}},"DecideAction":{"count":122667,"self":1268.5295615999999,"total":1268.5295460999998,"children":null},"AgentAct":{"count":122667,"self":30.763052799999997,"total":30.925951299999998,"children":{"AgentInfo.ToProto":{"count":16947,"self":0.058948999999999994,"total":0.1628983,"children":{"GenerateSensorData":{"count":16947,"self":0.1039493,"total":0.1039493,"children":null}}}}}},"gauges":{"RollerAgent.CumulativeReward":{"count":16947,"max":63.7999573,"min":-646.6933,"runningAverage":-28.2829151,"value":8.499997,"weightedAverage":-18.5274124}},"metadata":{"timer_format_version":"0.1.0","start_time_seconds":"1696804060","unity_version":"2021.3.15f1","command_line_arguments":"C:\\Program Files\\Unity\\Hub\\Editor\\2021.3.15f1\\Editor\\Unity.exe -projectpath C:\\Users\\max.muehlefeldt\\Documents\\GitHub\\unity-machine-learning\\unity\\basic_rl_environment -useHub -hubIPC -cloudEnvironment production","communication_protocol_version":"1.5.0","com.unity.ml-agents_version":"2.3.0-exp.3","scene_name":"SampleScene","end_time_seconds":"1696805547"}}