{"count":1,"self":465.83966719999995,"total":3819.3511169,"children":{"InitializeActuators":{"count":122,"self":0.0019989,"total":0.0019989,"children":null},"InitializeSensors":{"count":122,"self":0.0029977999999999997,"total":0.0029977999999999997,"children":null},"AgentSendState":{"count":410384,"self":21.8769024,"total":419.21709999999996,"children":{"CollectObservations":{"count":5006697,"self":331.55008,"total":331.5500856,"children":null},"WriteActionMask":{"count":5006697,"self":4.7941408,"total":4.7941405999999995,"children":null},"RequestDecision":{"count":5006697,"self":15.5161488,"total":60.9959722,"children":{"AgentInfo.ToProto":{"count":5006697,"self":14.8756048,"total":45.4798237,"children":{"GenerateSensorData":{"count":5006697,"self":30.6042208,"total":30.604219399999998,"children":null}}}}}}},"DecideAction":{"count":410384,"self":2905.2833791999997,"total":2905.2833874999997,"children":null},"AgentAct":{"count":410384,"self":28.6780896,"total":29.004941799999997,"children":{"AgentInfo.ToProto":{"count":28334,"self":0.1119473,"total":0.3268525,"children":{"GenerateSensorData":{"count":28334,"self":0.2149052,"total":0.2149052,"children":null}}}}}},"gauges":{"RollerAgent.CumulativeReward":{"count":28334,"max":1,"min":-37.6999474,"runningAverage":-0.0567406528,"value":-0.200000226,"weightedAverage":0.0352792032}},"metadata":{"timer_format_version":"0.1.0","start_time_seconds":"1705597425","unity_version":"2021.3.15f1","command_line_arguments":"C:\\Program Files\\Unity\\Hub\\Editor\\2021.3.15f1\\Editor\\Unity.exe -projectpath C:\\Users\\max.muehlefeldt\\Documents\\GitHub\\unity-machine-learning\\unity\\basic_rl_environment -useHub -hubIPC -cloudEnvironment production","communication_protocol_version":"1.5.0","com.unity.ml-agents_version":"2.3.0-exp.3","scene_name":"SampleScene","end_time_seconds":"1705601245"}}