{"count":1,"self":23.7041248,"total":32.8968825,"children":{"InitializeActuators":{"count":16,"self":0.0019990999999999997,"total":0.0019990999999999997,"children":null},"InitializeSensors":{"count":16,"self":0.0030028,"total":0.0030028,"children":null},"AgentSendState":{"count":851,"self":0.0879658,"total":0.71656049999999993,"children":{"CollectObservations":{"count":6808,"self":0.3952266,"total":0.3952266,"children":null},"WriteActionMask":{"count":6808,"self":0.018990399999999998,"total":0.018990399999999998,"children":null},"RequestDecision":{"count":6808,"self":0.075475199999999992,"total":0.21437769999999998,"children":{"AgentInfo.ToProto":{"count":6808,"self":0.0544218,"total":0.13890249999999998,"children":{"GenerateSensorData":{"count":6808,"self":0.084480699999999992,"total":0.084480699999999992,"children":null}}}}}}},"DecideAction":{"count":851,"self":8.3706824,"total":8.3706825,"children":null},"AgentAct":{"count":851,"self":0.095514999999999989,"total":0.1005136,"children":{"AgentInfo.ToProto":{"count":105,"self":0.0009988,"total":0.0049986,"children":{"GenerateSensorData":{"count":105,"self":0.0039997999999999995,"total":0.0039997999999999995,"children":null}}}}}},"gauges":{"RollerAgent.CumulativeReward":{"count":105,"max":-1.0018,"min":-1.0466,"runningAverage":-1.01198292,"value":-1.009,"weightedAverage":-1.00809777}},"metadata":{"timer_format_version":"0.1.0","start_time_seconds":"1695411802","unity_version":"2021.3.15f1","command_line_arguments":"C:\\Program Files\\Unity\\Hub\\Editor\\2021.3.15f1\\Editor\\Unity.exe -projectpath C:\\Users\\max.muehlefeldt\\Documents\\GitHub\\unity-machine-learning\\unity\\basic_rl_environment -useHub -hubIPC -cloudEnvironment production","communication_protocol_version":"1.5.0","com.unity.ml-agents_version":"2.3.0-exp.3","scene_name":"SampleScene","end_time_seconds":"1695411835"}}