{"count":1,"self":65.3387456,"total":4565.5436645,"children":{"InitializeActuators":{"count":200,"self":0.0019971,"total":0.0019971,"children":null},"InitializeSensors":{"count":200,"self":0.0019990999999999997,"total":0.0019990999999999997,"children":null},"AgentSendState":{"count":100451,"self":30.046099199999997,"total":251.1834046,"children":{"CollectObservations":{"count":10045100,"self":132.4011008,"total":132.4011012,"children":null},"WriteActionMask":{"count":10045100,"self":7.5353264,"total":7.5353265,"children":null},"RequestDecision":{"count":10045100,"self":25.426345599999998,"total":81.2008778,"children":{"AgentInfo.ToProto":{"count":10045100,"self":22.3519056,"total":55.774532199999996,"children":{"GenerateSensorData":{"count":10045100,"self":33.4226272,"total":33.4226265,"children":null}}}}}}},"DecideAction":{"count":100451,"self":4203.4262016,"total":4203.4262558,"children":null},"AgentAct":{"count":100451,"self":45.4507968,"total":45.5902635,"children":{"AgentInfo.ToProto":{"count":13541,"self":0.0570136,"total":0.1394659,"children":{"GenerateSensorData":{"count":13541,"self":0.082452299999999992,"total":0.082452299999999992,"children":null}}}}}},"gauges":{"RollerAgent.CumulativeReward":{"count":13541,"max":1,"min":-28.0998783,"runningAverage":-0.6169045,"value":-1.00099075,"weightedAverage":-0.5738517}},"metadata":{"timer_format_version":"0.1.0","start_time_seconds":"1698095684","unity_version":"2021.3.15f1","command_line_arguments":"C:\\Program Files\\Unity\\Hub\\Editor\\2021.3.15f1\\Editor\\Unity.exe -projectpath C:\\Users\\max.muehlefeldt\\Documents\\GitHub\\unity-machine-learning\\unity\\basic_rl_environment -useHub -hubIPC -cloudEnvironment production","communication_protocol_version":"1.5.0","com.unity.ml-agents_version":"2.3.0-exp.3","scene_name":"SampleScene","end_time_seconds":"1698100250"}}