{"count":1,"self":159.81406719999998,"total":1685.2898888999998,"children":{"InitializeActuators":{"count":122,"self":0.0029923999999999997,"total":0.0029923999999999997,"children":null},"InitializeSensors":{"count":122,"self":0.0020009999999999997,"total":0.0020009999999999997,"children":null},"AgentSendState":{"count":166501,"self":6.375246,"total":32.8896787,"children":{"CollectObservations":{"count":2031361,"self":9.651637599999999,"total":9.6516374,"children":null},"WriteActionMask":{"count":2031361,"self":1.4505016,"total":1.4505016,"children":null},"RequestDecision":{"count":2031361,"self":4.8176276,"total":15.412293799999999,"children":{"AgentInfo.ToProto":{"count":2031361,"self":4.6983131999999994,"total":10.594666199999999,"children":{"GenerateSensorData":{"count":2031361,"self":5.8963528,"total":5.8963529999999995,"children":null}}}}}}},"DecideAction":{"count":166501,"self":1453.0515968,"total":1453.0516194,"children":null},"AgentAct":{"count":166501,"self":39.5155648,"total":39.5295363,"children":{"AgentInfo.ToProto":{"count":1498,"self":0.0019982,"total":0.013973,"children":{"GenerateSensorData":{"count":1498,"self":0.011974799999999999,"total":0.011974799999999999,"children":null}}}}}},"gauges":{"RollerAgent.CumulativeReward":{"count":1498,"max":1.47920156,"min":-430.3894,"runningAverage":-42.9793854,"value":1.00312066,"weightedAverage":-1.81644082}},"metadata":{"timer_format_version":"0.1.0","start_time_seconds":"1707779790","unity_version":"2021.3.11f1","command_line_arguments":"C:\\Program Files\\Unity\\Hub\\Editor\\2021.3.11f1\\Editor\\Unity.exe -projectpath C:\\Users\\max.muehlefeldt\\Documents\\GitHub\\unity-machine-learning\\unity\\basic_rl_environment -useHub -hubIPC -cloudEnvironment production","communication_protocol_version":"1.5.0","com.unity.ml-agents_version":"2.3.0-exp.3","scene_name":"SampleScene","end_time_seconds":"1707781475"}}