{"count":1,"self":279.6372224,"total":5085.653735,"children":{"InitializeActuators":{"count":122,"self":0.002999,"total":0.002999,"children":null},"InitializeSensors":{"count":122,"self":0.0019989,"total":0.0019989,"children":null},"AgentSendState":{"count":410101,"self":27.352576,"total":1625.8308241999998,"children":{"CollectObservations":{"count":5003281,"self":334.98449919999996,"total":334.98451059999996,"children":null},"WriteActionMask":{"count":5003281,"self":5.8564919999999994,"total":5.8564922,"children":null},"RequestDecision":{"count":5003281,"self":20.9876112,"total":1257.6372452,"children":{"AgentInfo.ToProto":{"count":5003281,"self":26.4909248,"total":1236.6496339999999,"children":{"GenerateSensorData":{"count":5003281,"self":1210.1586944,"total":1210.1587084,"children":null}}}}}}},"DecideAction":{"count":410101,"self":3024.9664512,"total":3024.9663747,"children":null},"AgentAct":{"count":410101,"self":132.7892224,"total":155.2123078,"children":{"AgentInfo.ToProto":{"count":55474,"self":0.41476949999999996,"total":22.423083899999998,"children":{"GenerateSensorData":{"count":55474,"self":22.008313599999997,"total":22.0083144,"children":null}}}}}},"gauges":{"RollerAgent.CumulativeReward":{"count":55474,"max":2.79863739,"min":-9.054098,"runningAverage":-0.6366133,"value":-4.356048,"weightedAverage":-1.59463787}},"metadata":{"timer_format_version":"0.1.0","start_time_seconds":"1705685943","unity_version":"2021.3.15f1","command_line_arguments":"C:\\Program Files\\Unity\\Hub\\Editor\\2021.3.15f1\\Editor\\Unity.exe -projectpath C:\\Users\\max.muehlefeldt\\Documents\\GitHub\\unity-machine-learning\\unity\\basic_rl_environment -useHub -hubIPC -cloudEnvironment production","communication_protocol_version":"1.5.0","com.unity.ml-agents_version":"2.3.0-exp.3","scene_name":"SampleScene","end_time_seconds":"1705691028"}}