{"count":1,"self":1607.9489024,"total":30177.445006899998,"children":{"InitializeActuators":{"count":16,"self":0.0029982999999999998,"total":0.0029982999999999998,"children":null},"InitializeSensors":{"count":16,"self":0.0009995,"total":0.0009995,"children":null},"AgentSendState":{"count":3750051,"self":100.59232,"total":1347.9606284,"children":{"CollectObservations":{"count":30000408,"self":943.0252544,"total":943.0252564,"children":null},"WriteActionMask":{"count":30000408,"self":23.4994688,"total":23.499468699999998,"children":null},"RequestDecision":{"count":30000408,"self":77.91810559999999,"total":280.8435806,"children":{"AgentInfo.ToProto":{"count":30000408,"self":73.8283584,"total":202.92547539999998,"children":{"GenerateSensorData":{"count":30000408,"self":129.0971136,"total":129.0971194,"children":null}}}}}}},"DecideAction":{"count":3750051,"self":24692.8064512,"total":24692.806558,"children":null},"AgentAct":{"count":3750051,"self":2526.0873727999997,"total":2528.7229641,"children":{"AgentInfo.ToProto":{"count":229491,"self":1.1013842999999999,"total":2.6354944,"children":{"GenerateSensorData":{"count":229491,"self":1.5341101,"total":1.5341101,"children":null}}}}}},"gauges":{"RollerAgent.CumulativeReward":{"count":229491,"max":1,"min":-1.99554181,"runningAverage":0.901834965,"value":0.9682,"weightedAverage":0.9784788}},"metadata":{"timer_format_version":"0.1.0","start_time_seconds":"1694600991","unity_version":"2021.3.15f1","command_line_arguments":"C:\\Program Files\\Unity\\Hub\\Editor\\2021.3.15f1\\Editor\\Unity.exe -projectpath C:\\Users\\max.muehlefeldt\\Documents\\GitHub\\unity-machine-learning\\unity\\basic_rl_environment -useHub -hubIPC -cloudEnvironment production","communication_protocol_version":"1.5.0","com.unity.ml-agents_version":"2.3.0-exp.3","scene_name":"SampleScene","end_time_seconds":"1694631168"}}