{"count":1,"self":733.99935999999991,"total":31674.009726499997,"children":{"InitializeActuators":{"count":42,"self":0.002999,"total":0.002999,"children":null},"InitializeSensors":{"count":42,"self":0.001999,"total":0.001999,"children":null},"AgentSendState":{"count":1257117,"self":136.673408,"total":8816.5480759,"children":{"CollectObservations":{"count":26399457,"self":1832.9978879999999,"total":1832.9978331,"children":null},"WriteActionMask":{"count":26399457,"self":27.904025599999997,"total":27.9040257,"children":null},"RequestDecision":{"count":26399457,"self":377.5600128,"total":6818.9728095,"children":{"AgentInfo.ToProto":{"count":25142340,"self":129.6519808,"total":6441.4127855,"children":{"GenerateSensorData":{"count":25142340,"self":6311.7606912,"total":6311.7608046,"children":null}}}}}}},"DecideAction":{"count":1257117,"self":21982.2473216,"total":21982.2479403,"children":null},"AgentAct":{"count":1257117,"self":133.21542399999998,"total":141.2053798,"children":{"AgentInfo.ToProto":{"count":27380,"self":0.14492639999999998,"total":7.9899594999999994,"children":{"GenerateSensorData":{"count":27380,"self":7.8450327999999994,"total":7.8450330999999993,"children":null}}}}}},"gauges":{"RollerAgent.CumulativeReward":{"count":28691,"max":1,"min":-146.811539,"runningAverage":-28.1864262,"value":-44.49275,"weightedAverage":-32.723465}},"metadata":{"timer_format_version":"0.1.0","start_time_seconds":"1705366485","unity_version":"2021.3.15f1","command_line_arguments":"C:\\Program Files\\Unity\\Hub\\Editor\\2021.3.15f1\\Editor\\Unity.exe -projectpath C:\\Users\\max.muehlefeldt\\Documents\\GitHub\\unity-machine-learning\\unity\\basic_rl_environment -useHub -hubIPC -cloudEnvironment production","communication_protocol_version":"1.5.0","com.unity.ml-agents_version":"2.3.0-exp.3","scene_name":"SampleScene","end_time_seconds":"1705398158"}}