{"count":1,"self":3112.8748032,"total":19015.2158756,"children":{"InitializeActuators":{"count":1,"self":0.0019947999999999997,"total":0.0019947999999999997,"children":null},"InitializeSensors":{"count":1,"self":0.0020007,"total":0.0020007,"children":null},"AgentSendState":{"count":5000201,"self":31.1333792,"total":184.6243419,"children":{"CollectObservations":{"count":5000201,"self":78.3979456,"total":78.3979454,"children":null},"WriteActionMask":{"count":5000201,"self":5.6161208,"total":5.6161207,"children":null},"RequestDecision":{"count":5000201,"self":17.0454912,"total":69.4768957,"children":{"AgentInfo.ToProto":{"count":5000201,"self":19.5150896,"total":52.431404099999995,"children":{"GenerateSensorData":{"count":5000201,"self":32.916313599999995,"total":32.9163151,"children":null}}}}}}},"DecideAction":{"count":5000201,"self":15578.959052799999,"total":15578.959672699999,"children":null},"AgentAct":{"count":5000201,"self":138.6771072,"total":138.7520635,"children":{"AgentInfo.ToProto":{"count":7116,"self":0.0329836,"total":0.074957299999999991,"children":{"GenerateSensorData":{"count":7116,"self":0.041973699999999996,"total":0.041973699999999996,"children":null}}}}}},"gauges":{"RollerAgent.CumulativeReward":{"count":7116,"max":2,"min":-1,"runningAverage":-0.02768416,"value":1,"weightedAverage":0.9940682}},"metadata":{"timer_format_version":"0.1.0","start_time_seconds":"1691509604","unity_version":"2021.3.15f1","command_line_arguments":"C:\\Program Files\\Unity\\Hub\\Editor\\2021.3.15f1\\Editor\\Unity.exe -projectpath C:\\Users\\max.muehlefeldt\\Documents\\GitHub\\unity-machine-learning\\unity\\basic_rl_environment -useHub -hubIPC -cloudEnvironment production","communication_protocol_version":"1.5.0","com.unity.ml-agents_version":"2.3.0-exp.3","scene_name":"SampleScene","end_time_seconds":"1691528620"}}