{"count":1,"self":662.30604799999992,"total":1436.4622344,"children":{"InitializeActuators":{"count":12,"self":0.0019714999999999997,"total":0.0019714999999999997,"children":null},"InitializeSensors":{"count":12,"self":0.0020012999999999997,"total":0.0020012999999999997,"children":null},"AgentSendState":{"count":841101,"self":4.7140508,"total":16.0353611,"children":{"CollectObservations":{"count":1009332,"self":1.7561892,"total":1.7561892,"children":null},"WriteActionMask":{"count":1009332,"self":0.7270341,"total":0.7270341,"children":null},"RequestDecision":{"count":1009332,"self":2.5473692,"total":8.8380871,"children":{"AgentInfo.ToProto":{"count":1009332,"self":2.5214548,"total":6.2907177999999995,"children":{"GenerateSensorData":{"count":1009332,"self":3.7692631999999997,"total":3.769263,"children":null}}}}}}},"DecideAction":{"count":841101,"self":721.476096,"total":721.4760884,"children":null},"AgentAct":{"count":841101,"self":35.6547584,"total":36.0860408,"children":{"AgentInfo.ToProto":{"count":37376,"self":0.18811709999999998,"total":0.43128259999999996,"children":{"GenerateSensorData":{"count":37376,"self":0.24316549999999998,"total":0.24316549999999998,"children":null}}}}},"AgentInfo.ToProto":{"count":44782,"self":0.26085369999999997,"total":0.5537266,"children":{"GenerateSensorData":{"count":44782,"self":0.2928729,"total":0.2928729,"children":null}}}},"gauges":{"RollerAgent.CumulativeReward":{"count":82158,"max":3.9940002,"min":-4.99990129,"runningAverage":-0.6501525,"value":-0.0149996774,"weightedAverage":-0.4790247}},"metadata":{"timer_format_version":"0.1.0","start_time_seconds":"1681986291","unity_version":"2021.3.15f1","command_line_arguments":"C:\\Program Files\\Unity\\Hub\\Editor\\2021.3.15f1\\Editor\\Unity.exe -projectpath C:\\Users\\max.muehlefeldt\\Documents\\GitHub\\unity-project\\basic_rl_environment -useHub -hubIPC -cloudEnvironment production","communication_protocol_version":"1.5.0","com.unity.ml-agents_version":"2.3.0-exp.3","scene_name":"SampleScene","end_time_seconds":"1681987728"}}