{"count":1,"self":3615.9807487999997,"total":21591.2043427,"children":{"InitializeActuators":{"count":2,"self":0.0029985,"total":0.0029985,"children":null},"InitializeSensors":{"count":2,"self":0.0019982999999999997,"total":0.0019982999999999997,"children":null},"AgentSendState":{"count":5000167,"self":38.6508928,"total":470.7275805,"children":{"CollectObservations":{"count":5000167,"self":339.49312,"total":339.4931259,"children":null},"WriteActionMask":{"count":5000167,"self":6.1106096,"total":6.1106096999999995,"children":null},"RequestDecision":{"count":5000167,"self":19.3009856,"total":86.472951299999991,"children":{"AgentInfo.ToProto":{"count":5000167,"self":22.9347296,"total":67.171966099999992,"children":{"GenerateSensorData":{"count":5000167,"self":44.237238399999995,"total":44.2372373,"children":null}}}}}}},"DecideAction":{"count":5000167,"self":17447.5067392,"total":17447.5063073,"children":null},"AgentAct":{"count":5000167,"self":56.918912,"total":56.984870099999995,"children":{"AgentInfo.ToProto":{"count":6054,"self":0.0209855,"total":0.0659579,"children":{"GenerateSensorData":{"count":6054,"self":0.044972399999999996,"total":0.044972399999999996,"children":null}}}}}},"gauges":{"RollerAgent.CumulativeReward":{"count":6054,"max":1,"min":-96.40114,"runningAverage":-2.614977,"value":0.235865,"weightedAverage":-1.3229146}},"metadata":{"timer_format_version":"0.1.0","start_time_seconds":"1705449773","unity_version":"2021.3.15f1","command_line_arguments":"C:\\Program Files\\Unity\\Hub\\Editor\\2021.3.15f1\\Editor\\Unity.exe -projectpath C:\\Users\\max.muehlefeldt\\Documents\\GitHub\\unity-machine-learning\\unity\\basic_rl_environment -useHub -hubIPC -cloudEnvironment production","communication_protocol_version":"1.5.0","com.unity.ml-agents_version":"2.3.0-exp.3","scene_name":"SampleScene","end_time_seconds":"1705471364"}}