{"count":1,"self":3115.7889023999996,"total":27674.180114,"children":{"InitializeActuators":{"count":16,"self":0.0020254,"total":0.0020254,"children":null},"InitializeSensors":{"count":16,"self":0.00099819999999999987,"total":0.00099819999999999987,"children":null},"AgentSendState":{"count":3750467,"self":100.9936384,"total":795.31858819999991,"children":{"CollectObservations":{"count":30003736,"self":403.8903296,"total":403.8903363,"children":null},"WriteActionMask":{"count":30003736,"self":23.8012864,"total":23.8012867,"children":null},"RequestDecision":{"count":30003736,"self":79.767456,"total":266.6333299,"children":{"AgentInfo.ToProto":{"count":30003736,"self":71.9341056,"total":186.8658715,"children":{"GenerateSensorData":{"count":30003736,"self":114.93176319999999,"total":114.93176629999999,"children":null}}}}}}},"DecideAction":{"count":3750467,"self":23419.982643199997,"total":23419.9834013,"children":null},"AgentAct":{"count":3750467,"self":342.7830528,"total":343.06429979999996,"children":{"AgentInfo.ToProto":{"count":32433,"self":0.105879,"total":0.28124699999999997,"children":{"GenerateSensorData":{"count":32433,"self":0.175368,"total":0.175368,"children":null}}}}}},"gauges":{"RollerAgent.CumulativeReward":{"count":32433,"max":185.016327,"min":-68.3760452,"runningAverage":89.56971,"value":132.918808,"weightedAverage":104.16983}},"metadata":{"timer_format_version":"0.1.0","start_time_seconds":"1697493230","unity_version":"2021.3.15f1","command_line_arguments":"C:\\Program Files\\Unity\\Hub\\Editor\\2021.3.15f1\\Editor\\Unity.exe -projectpath C:\\Users\\max.muehlefeldt\\Documents\\GitHub\\unity-machine-learning\\unity\\basic_rl_environment -useHub -hubIPC -cloudEnvironment production","communication_protocol_version":"1.5.0","com.unity.ml-agents_version":"2.3.0-exp.3","scene_name":"SampleScene","end_time_seconds":"1697520904"}}