{"count":1,"self":272.369664,"total":2176.3439793,"children":{"InitializeActuators":{"count":12,"self":0.0019998999999999998,"total":0.0019998999999999998,"children":null},"InitializeSensors":{"count":12,"self":0.0019993999999999997,"total":0.0019993999999999997,"children":null},"AgentSendState":{"count":416867,"self":12.0821928,"total":43.583373599999994,"children":{"CollectObservations":{"count":1000488,"self":4.5098335999999994,"total":4.5098337,"children":null},"WriteActionMask":{"count":1000488,"self":2.4224588,"total":2.4224587,"children":null},"RequestDecision":{"count":1000488,"self":9.248312,"total":24.5688881,"children":{"AgentInfo.ToProto":{"count":1000488,"self":6.5742536,"total":15.320575799999999,"children":{"GenerateSensorData":{"count":1000488,"self":8.7463224,"total":8.7463224,"children":null}}}}}}},"DecideAction":{"count":416867,"self":1832.7664639999998,"total":1832.7664315999998,"children":null},"AgentAct":{"count":416867,"self":27.4825312,"total":27.500529399999998,"children":{"AgentInfo.ToProto":{"count":927,"self":0.0039981999999999995,"total":0.0179968,"children":{"GenerateSensorData":{"count":927,"self":0.0139986,"total":0.0139986,"children":null}}}}},"AgentInfo.ToProto":{"count":3910,"self":0.0589673,"total":0.1189696,"children":{"GenerateSensorData":{"count":3910,"self":0.060002299999999995,"total":0.060002299999999995,"children":null}}}},"gauges":{"RollerAgent.CumulativeReward":{"count":4837,"max":0.999,"min":-73.12799,"runningAverage":-1.789359,"value":-0.255000263,"weightedAverage":-5.849188}},"metadata":{"timer_format_version":"0.1.0","start_time_seconds":"1687205610","unity_version":"2021.3.15f1","command_line_arguments":"C:\\Program Files\\Unity\\Hub\\Editor\\2021.3.15f1\\Editor\\Unity.exe -projectpath C:\\Users\\max.muehlefeldt\\Documents\\GitHub\\unity-machine-learning\\unity\\basic_rl_environment -useHub -hubIPC -cloudEnvironment production","communication_protocol_version":"1.5.0","com.unity.ml-agents_version":"2.3.0-exp.3","scene_name":"SampleScene","end_time_seconds":"1687207787"}}